{"cameraMode":{"drawMode":0,"name":"Shaded","section":"Shading Mode"},"sceneLighting":false,"audioPlay":false,"sceneViewState":{"m_AlwaysRefresh":false,"showFog":true,"showSkybox":false,"showFlares":true,"showImageEffects":true,"showParticleSystems":true,"showVisualEffectGraphs":true,"m_FxEnabled":true},"in2DMode":false,"pivot":{"x":-0.17135798931121827,"y":3.0047848224639894,"z":-0.915421724319458},"rotation":{"x":0.2565722167491913,"y":0.024747135117650033,"z":-0.0060279578901827339,"w":0.9663462042808533},"size":0.5173554420471191,"orthographic":true}