{"cameraMode":{"drawMode":0,"name":"Shaded","section":"Shading Mode"},"sceneLighting":false,"audioPlay":false,"sceneViewState":{"m_AlwaysRefresh":false,"showFog":true,"showSkybox":false,"showFlares":true,"showImageEffects":true,"showParticleSystems":true,"showVisualEffectGraphs":true,"m_FxEnabled":true},"in2DMode":false,"pivot":{"x":-0.15104469656944276,"y":2.6621792316436769,"z":-0.6882073879241943},"rotation":{"x":0.5947121381759644,"y":0.16748382151126862,"z":-0.1275443285703659,"w":0.7761036157608032},"size":0.5003016591072083,"orthographic":true}