{"cameraMode":{"drawMode":0,"name":"Shaded","section":"Shading Mode"},"sceneLighting":true,"audioPlay":false,"sceneViewState":{"m_AlwaysRefresh":false,"showFog":true,"showSkybox":true,"showFlares":true,"showImageEffects":true,"showParticleSystems":true,"showVisualEffectGraphs":true,"m_FxEnabled":true},"in2DMode":false,"pivot":{"x":0.10845940560102463,"y":10.636751174926758,"z":-27.723257064819337},"rotation":{"x":-0.31722569465637209,"y":0.006255637854337692,"z":-0.002092722337692976,"w":-0.9483274817466736},"size":23.604312896728517,"orthographic":false}