{"cameraMode":{"drawMode":0,"name":"Shaded","section":"Shading Mode"},"sceneLighting":false,"audioPlay":false,"sceneViewState":{"m_AlwaysRefresh":false,"showFog":true,"showSkybox":false,"showFlares":true,"showImageEffects":true,"showParticleSystems":true,"showVisualEffectGraphs":true,"m_FxEnabled":true},"in2DMode":false,"pivot":{"x":-0.09417551755905152,"y":0.28863587975502016,"z":-0.003518432378768921},"rotation":{"x":0.18880590796470643,"y":-0.05086267739534378,"z":0.010433263145387173,"w":0.980811357498169},"size":0.7315588593482971,"orthographic":true}