{"cameraMode":{"drawMode":0,"name":"Shaded","section":"Shading Mode"},"sceneLighting":false,"audioPlay":false,"sceneViewState":{"m_AlwaysRefresh":false,"showFog":true,"showSkybox":false,"showFlares":true,"showImageEffects":true,"showParticleSystems":true,"showVisualEffectGraphs":true,"m_FxEnabled":true},"in2DMode":false,"pivot":{"x":-0.10449177026748657,"y":0.7454385757446289,"z":-0.3862634301185608},"rotation":{"x":0.2547324597835541,"y":0.03842772915959358,"z":-0.009442594833672047,"w":0.9663782715797424},"size":1.4054319858551026,"orthographic":true}