{"cameraMode":{"drawMode":0,"name":"Shaded","section":"Shading Mode"},"sceneLighting":false,"audioPlay":false,"sceneViewState":{"m_AlwaysRefresh":false,"showFog":true,"showSkybox":false,"showFlares":true,"showImageEffects":true,"showParticleSystems":true,"showVisualEffectGraphs":true,"m_FxEnabled":true},"in2DMode":false,"pivot":{"x":-0.14140701293945313,"y":2.9129834175109865,"z":-0.5631264448165894},"rotation":{"x":0.2227981984615326,"y":-0.01978115923702717,"z":0.00516423350200057,"w":0.974821925163269},"size":0.8567832708358765,"orthographic":true}