{"cameraMode":{"drawMode":0,"name":"Shaded","section":"Shading Mode"},"sceneLighting":false,"audioPlay":false,"sceneViewState":{"m_AlwaysRefresh":false,"showFog":true,"showSkybox":false,"showFlares":true,"showImageEffects":true,"showParticleSystems":true,"showVisualEffectGraphs":true,"m_FxEnabled":true},"in2DMode":false,"pivot":{"x":-0.1330820918083191,"y":2.6121792793273927,"z":-0.6902073621749878},"rotation":{"x":0.10871905088424683,"y":-0.09824211150407791,"z":0.011309169232845307,"w":0.9892967343330383},"size":0.4883834719657898,"orthographic":true}