{"cameraMode":{"drawMode":0,"name":"Shaded","section":"Shading Mode"},"sceneLighting":false,"audioPlay":false,"sceneViewState":{"m_AlwaysRefresh":false,"showFog":true,"showSkybox":false,"showFlares":true,"showImageEffects":true,"showParticleSystems":true,"showVisualEffectGraphs":true,"m_FxEnabled":true},"in2DMode":false,"pivot":{"x":-0.7184088230133057,"y":0.49353766441345217,"z":-0.045952796936035159},"rotation":{"x":0.11198732256889343,"y":0.009566616266965866,"z":-0.0005479544051922858,"w":0.9938105344772339},"size":1.545989990234375,"orthographic":true}