{"cameraMode":{"drawMode":0,"name":"Shaded","section":"Shading Mode"},"sceneLighting":false,"audioPlay":false,"sceneViewState":{"m_AlwaysRefresh":false,"showFog":true,"showSkybox":false,"showFlares":true,"showImageEffects":true,"showParticleSystems":true,"showVisualEffectGraphs":true,"m_FxEnabled":true},"in2DMode":false,"pivot":{"x":-0.1530826985836029,"y":2.901393413543701,"z":-0.6882076859474182},"rotation":{"x":0.3018476665019989,"y":-0.007384744472801685,"z":0.002573688980191946,"w":0.953438401222229},"size":0.5173554420471191,"orthographic":true}